{"maxima": ["31.0", "18.0", "15.0", "7.0", "0.0", "1.0", "1.0", "1.0", "1.0", "1.0", "27609.0", "32890.0", "4.0", "6.0", "26.0", "2661.0", "17.0", "5.0", "153897.0", "30817.0", "35694.0", "460.0", "74.0", "23.0", "72.0", "1.0", "565023.0", "73946.0", "44887.0", "2.0", "6.0", "614198.0", "85111.0", "69269.0", "18217.0", "4904.0", "5.0", "9.0", "4.0", "26862.0", "10512.0", "4866.0", "0.0", "4.0", "12.0", "240.0", "12.8", "13.2", "12.6", "9.4", "3.85", "6.2", "4.15", "4.0", "504.25", "1212.9", "1023.0", "262.9", "1548.5", "2517.6", "1562.1", "735.7", "754.4", "1098.4", "948.3", "497.7", "379.2", "696.3", "461.75", "269.95", "733.2", "1339.0", "940.1", "432.1", "0.0", "0.0", "0.0", "1.0", "1.0", "1.0", "0.0", "0.0", "1.0", "0.0", "0.0", "1.0", "0.0"], "offset": -0.57126165285754826, "coef": [3.931999124923006, 1.7095670073351725, -3.6631387262710247, 0.75128604036792646, 0.0, 0.21134460214077869, 2.1619756821093574, 0.82832454958501411, -0.097306440326057272, 0.32302466441613908, 1.7056889295798052, -1.2241404505987659, 2.2590177741305455, 0.2283476097840266, 1.0273570552717348, 1.1808942413603705, 1.0740561361060388, 0.62627119396016795, -0.32600150579115367, -0.61804836282679709, -1.4803240538998634, -0.89845535267923493, 0.028609717905769546, 2.450450002720304, -0.75337814693004246, 0.31309805477741781, 0.29490077004607546, -0.96223748117984798, -1.0835346258126159, 0.23440322607935596, 0.34358783908910095, 0.22049945226100889, -1.0587779426930015, -1.5079919192724192, -0.30635399175193984, -0.21690479784267605, -0.073675319205888906, 3.5082114191235703, 0.23781605555689006, 0.7061127194626915, 0.0076662990433264072, -0.61231609912630203, 0.0, 0.57110329314046226, -0.40089517487335879, -0.12645219684238249, -0.38283168313748356, -1.1757523242605838, -0.61325626452492044, -0.57944950585353072, 0.44867625650449333, -1.8349334004301123, -0.99814427708764297, 1.1507756982604649, -1.4924108832304448, -0.88143499823186777, 0.50797493741004374, 0.33770603488080103, 0.92571162927026784, 0.57194234748008788, 0.28000085942695768, 0.53349434471809676, -0.33274760206381582, 0.084340216315460029, -0.77162085349189347, 0.068990237400993526, 2.7532787752614492, 4.924659609113057, 3.8233007304687545, 1.2956157467636154, 0.19892072158382137, 0.069841150826109394, -0.19483220838453691, -0.14669654687939007, 0.0, 0.0, 0.0, -0.21318003454453424, -0.27613656047393192, -0.57126165285754826, 0.0, 0.0, -0.25324179689109649, 0.0, 0.0, 0.17129673905205267, 0.0]}