{"offset": -0.57126475380294051, "coef": [0.0, 0.50797549792823649, -0.6180486635512733, -0.38283373326350428, 0.62626990857004827, 0.0, -0.21690477032455097, 0.084340948706693383, 0.0, 0.069842156828023222, 0.23781604722303695, 1.0273549668252653, 0.028609494381082387, -0.96223850422178958, 0.0, -0.57126475380294051, 0.57194151122055625, 2.2590178559963676, -1.1757526992620089, -1.5079920699029914, -0.40089576356655315, 1.1507764066897894, -0.88143497847706198, 1.1808938536307156, 1.0740557172369252, 0.92571010164285839, 0.23440329809101962, -1.480324157812543, -0.27613665342005217, 2.7532783955595499, 0.0, 1.2956161150517724, -0.75337833335153814, 0.44867603801493999, 0.33770541764315248, -0.32600211751127883, -0.073677962190660154, 0.828324487234955, -0.61231665031754279, 0.0, 3.9319986313148978, 0.0, -1.2241400461990022, 0.70611300288895429, 0.29489960187080855, 0.34358788283993669, -1.0587789606373055, 3.8233006062848505, -1.0835347160821871, 0.2204982366951401, 2.4504498671337904, 0.0, -0.12645215040654992, -1.8349330253890628, 0.0, 0.21134358964961281, 0.068988966818154307, 0.0076661359054481393, -0.6132577686791173, 1.7056851819231027, 4.9246612414164304, -0.77162188334999016, 0.22834591441407417, -0.2532448869755608, -3.6631404167291404, 3.5082115061583985, -0.14669834384005512, -0.097307089461390314, 0.32302409985235886, 0.17129668571877002, -0.2131798991261292, -0.33274922254873196, -0.89845596009178463, -0.19483359393322372, -0.99814491235130554, 1.7095637235039933, -0.57945156042809443, 0.0, -1.4924104999314229, 0.75128518093290431, 2.1619730286550403, 0.57110316757569157, 0.3130982180277076, -0.306354549796791, 0.53349250300784024, 0.19891912031565179, 0.27999925448429003]}