{"offset": -0.73165642119033047, "coef": [0.0, -0.27623821446153229, -0.59380355687554121, -0.82072388498227844, 0.34979491169319782, 0.4155513863237611, -0.088782365425652682, 0.62888667438069079, 0.0, -0.22611232390825717, 0.15618979659194335, 0.74600446889106231, -1.0679725590577964, 0.22514758779326291, 0.0, -0.46047998504936377, -0.23865435995279696, 2.3017637356068597, -0.5569760766992673, -2.0464070716119367, -0.1870342528407733, 0.83286638345704922, -0.96688641913634277, 0.79156849289559694, 0.30878190405641087, 0.63354121305839584, -0.37872175666883151, -1.2495391734303514, -0.23463170263059788, 1.6394879671441132, 0.0, 0.18908616796131381, -3.065021918229232, -0.10819457273799035, 0.24121890239089605, -0.043687625915614037, -0.34910247882507511, 1.1170320918381085, -0.75888836268776139, 0.0, 5.2918920625864994, -0.48805722187630601, -0.23889200151855039, -0.12669501581360826, 0.74133874829234259, -0.38058486903468813, -0.4785829915337812, 1.7622182671660374, -2.2132306911774826, 0.50592142657672134, 3.9287741486843912, 0.0, 0.066583189925417133, -0.91999297551810533, 0.0, 0.25250064233780328, -0.87323305400874041, -0.42921276224716731, -0.68844820401018958, 4.0414060878532192, 2.2062940700164528, -0.52361194131982969, 0.33786895586674531, -0.59570717732815337, -5.468728352820146, 2.708123283492252, -1.030707276938106, 0.041040926171804736, -0.48668969859183264, -0.05541766214141048, 0.0, 0.4406602374145816, -1.0786981408791287, -0.52086442147766887, -1.5540059727424078, 2.8880121602915465, -0.50633217671315944, -0.044570479678648717, -0.056421432639881121, -0.016929149340256428, 2.1440307262704503, -0.40189544861526499, 0.0, 1.1889499706930897, 1.224757957479272, -0.59472971943785347, 0.31175187239587343]}