{"maxima": ["35.0", "18.0", "17.0", "7.0", "0.0", "1.0", "1.0", "1.0", "1.0", "1.0", "22556.0", "23977.0", "3.0", "6.0", "28.0", "2030.0", "16.0", "4.0", "376338.0", "57793.0", "29535.0", "304.0", "186.0", "61.0", "143.0", "0.0", "325506.0", "45755.0", "52012.0", "1.0", "22.0", "422728.0", "62920.0", "76456.0", "38310.0", "8289.0", "58.0", "6.0", "3.0", "86822.0", "14224.0", "5852.0", "0.0", "11.0", "22.0", "165.0", "11.0", "10.4", "9.5", "8.0", "8.0", "9.0", "6.6", "6.9", "1010.0", "1764.6", "1319.1", "580.0", "1612.2", "2807.4", "2266.6", "1005.0", "736.4", "840.8", "790.9", "501.7", "510.1", "692.2", "545.6", "191.2", "749.6", "1084.6", "978.0", "505.9", "0.0", "0.0", "0.0", "0.0", "1.0", "1.0", "0.0", "1.0", "1.0", "1.0", "0.0", "1.0", "1.0"], "offset": -0.73161683429318947, "coef": [5.2921007939401097, 2.8880690752397689, -5.4689647479988448, -0.016901744392520363, 0.0, 0.25290223670603618, 2.1440678272797298, 1.1172482706786699, 0.040806742805638396, -0.48685083737668483, 4.0407761793773673, -0.23869483592504476, 2.3019088343766771, 0.33795966105414932, 0.74605585821269793, 0.79158844647142501, 0.30856707922771814, 0.34971439182071618, -0.043794622031360614, -0.59382724907748319, -1.2494553551784804, -1.0783699849200072, -1.0679484796957188, 3.9293205320087186, -3.0652236707682921, 0.0, 0.74141282948476062, 0.22509761835254871, -2.2133112315412573, -0.37881238450029836, -0.38059897076939764, 0.50588086156683176, -0.47864885460144663, -2.0464346985302111, 1.1890279928438101, -0.088778270936929929, -0.34899994731025841, 2.7081177334284545, 0.15614831727186976, -0.12670648884630203, -0.42924694294230847, -0.75895649494449158, 0.0, -0.4020380506786671, -0.18707030598283544, 0.066623222930249082, -0.82105612233131342, -0.55682372577535599, -0.68848593562561189, -0.50646387325001696, -0.10843953747905258, -0.92000426185383921, -1.5540760523404891, 0.83309330571254525, -0.056515437932268306, -0.96685717697327023, -0.27643253435987858, 0.2413521999253698, 0.63369671144995499, -0.23869496487146705, 0.31143269025990894, 1.2248316351502575, 0.44076151910242251, 0.62910446495377936, -0.52359115050783644, -0.87324881017786149, 1.6394736860189809, 2.2063787139322182, 1.762365548552278, 0.18913951659179976, -0.59477399342158033, -0.22586737248025082, -0.52080392719289959, -1.0308620509599908, 0.0, 0.0, 0.0, 0.0, -0.23458775620311056, -0.46032666652761312, 0.0, -0.044612385507897694, -0.59573126293848466, -0.48806339902749718, 0.0, -0.055369620735531096, 0.4154574223539943]}