{"offset": -0.91967018121557209, "coef": [0.0, 0.95418720939909274, -0.89626841601082685, 0.040963770917454061, 0.17170692965283199, 0.63913290815789114, 0.31971255891836209, 0.36962470180024876, 0.0, -0.21346449763087133, 0.1736727830123331, 1.7385007579261136, -0.25557967048439845, -0.46563589860186999, 0.0, -0.39779438999368993, -0.060619679429154923, 2.1762852196668723, -0.67107377521907674, -2.442473306507766, -0.056118736949694721, 0.32323068137136762, -0.89413709508011319, -0.13991733382638738, 0.71904797798490383, 0.4162313315723693, 0.050074044594316185, -1.733978383996817, -0.43051276233634816, 1.2809498262998127, -0.48800240255554955, -0.010160334237950399, -1.2941127272376451, 0.14906772330556672, -0.025663283004752048, -0.29392963601678951, -0.15505111007825156, 1.2254445560622278, -0.4840847698287552, 0.0, 5.1272513367139183, -0.21362039431523558, -0.81717141231416701, 0.189488335062205, 0.015228145384301884, -1.0708587889460974, -1.2463611290368102, 2.3019882494876911, -3.0794157746022921, -0.21227518582730087, 3.2605907761462949, 0.0, 0.0039849535393195164, -0.62382403988403778, 0.0, 0.28936411760682645, -0.33838123541932247, -0.57801620648447405, -0.69735753956644941, 3.942886542391872, 2.5665842751967083, -0.66619101935317238, -0.048602254172729682, -0.81412805844045721, -3.5074593537666798, 2.7840242812289397, -0.83466419036111505, 0.68309622750379684, 0.034178405738276761, 0.44773889912095122, -0.44196038279237437, 0.98033451252180048, -0.56753160382727097, -0.066477131482021209, 0.12157921623909507, 2.4167985332422628, -0.48618499036536111, -0.14019377927661034, 0.053153012381382772, 0.23223611151769494, 2.105635414936307, 0.51229761543067387, -0.43955365516169442, 1.253771676166574, 0.76460606978834744, -0.71698768573789973, 0.71185956358755298]}