{"maxima": ["27.0", "18.0", "19.0", "6.0", "0.0", "1.0", "1.0", "1.0", "1.0", "1.0", "25078.0", "26970.0", "3.0", "8.0", "27.0", "2330.0", "18.0", "5.0", "426115.0", "80600.0", "32275.0", "471.0", "91.0", "27.0", "86.0", "1.0", "444356.0", "50305.0", "36770.0", "1.0", "16.0", "464076.0", "82936.0", "70297.0", "31813.0", "6710.0", "6.0", "6.0", "3.0", "105348.0", "13318.0", "5157.0", "0.0", "7.0", "16.0", "340.0", "12.6", "13.2", "11.2", "9.7", "7.2", "8.8", "7.8", "5.8", "780.0", "1317.4", "1109.6", "556.0", "1564.5", "2256.2", "2395.6", "817.0", "779.3", "892.2", "769.0", "504.7", "486.5", "884.0", "528.1", "268.3", "802.6", "1119.8", "836.3", "538.5", "1.0", "0.0", "0.0", "1.0", "1.0", "1.0", "0.0", "1.0", "1.0", "1.0", "0.0", "1.0", "1.0"], "offset": -0.91967017636411474, "coef": [5.12725133804528, 2.4167985371624354, -3.5074593523212938, 0.23223611244254463, 0.0, 0.28936411812665125, 2.1056354156942145, 1.2254445561241907, 0.68309622756449473, 0.034178406026932832, 3.9428865446297801, -0.81717141031650042, 2.1762852198069358, -0.048602253587852341, 1.7385007592344972, -0.13991733363024497, 0.71904797909204032, 0.17170693126010705, -0.29392963494954127, -0.89626841500140553, -1.7339783826123303, -0.56753160197058894, -0.25557966985420061, 3.2605907768609734, -1.2941127267951935, -0.4395536551192647, 0.015228145791725697, -0.46563589814223005, -3.0794157733094099, 0.050074045001433261, -1.070858788545239, -0.21227518439693985, -1.2463611277017681, -2.4424733051457475, 1.2537716765789808, 0.31971255908922969, -0.15505110899756258, 2.7840242817281435, 0.173672783144423, 0.18948833532779943, -0.57801620601657511, -0.48408476914658555, 0.0, 0.5122976161117595, -0.056118736298292782, 0.0039849536278797216, 0.040963773495688895, -0.67107377475446373, -0.69735753805533762, -0.48618498731322168, 0.14906772343482455, -0.62382403996611091, 0.12157921647653358, 0.32323068150621059, 0.053153012279515785, -0.89413709516276574, 0.95418720960025127, -0.025663283178581107, 0.41623133350687536, -0.060619678743156845, 0.71185956454637433, 0.76460607173426409, 0.98033451508341918, 0.36962470257745966, -0.66619101764480859, -0.33838123293343186, 1.2809498260656269, 2.5665842751582812, 2.3019882492250985, -0.010160334236327983, -0.71698768294391169, -0.21346449690182182, -0.066477129795353002, -0.83466418668413311, -0.48800240227640806, 0.0, 0.0, -0.44196038281510724, -0.43051276221845236, -0.3977943851304887, 0.0, -0.1401937792589957, -0.81412805809297917, -0.21362039039131714, 0.0, 0.44773889913536524, 0.63913290831993519]}