{"maxima": ["41.0", "18.0", "17.0", "2.0", "0.0", "1.0", "1.0", "1.0", "1.0", "1.0", "17012.0", "15452.0", "2.0", "3.0", "12.0", "730.0", "10.0", "3.0", "123068.0", "37482.0", "30789.0", "102.0", "43.0", "11.0", "32.0", "0.0", "87035.0", "18385.0", "33814.0", "0.0", "15.0", "141247.0", "47137.0", "55760.0", "65423.0", "3323.0", "47.0", "5.0", "1.0", "15668.0", "8144.0", "5378.0", "0.0", "19.0", "18.0", "261.0", "3.8", "4.8", "4.5", "2.4", "3.85", "6.2", "4.15", "4.0", "504.25", "1212.9", "1023.0", "262.9", "1266.8", "2606.6", "2059.2", "677.7", "508.5", "687.0", "558.2", "328.8", "379.2", "696.3", "461.75", "269.95", "575.4", "1013.2", "787.3", "391.9", "0.0", "0.0", "0.0", "1.0", "1.0", "1.0", "0.0", "0.0", "1.0", "1.0", "0.0", "1.0", "0.0"], "offset": -0.93815373732287022, "coef": [5.111600789846209, 2.1869909824997471, -3.4748949503947912, -0.30225347138039671, 0.0, -0.2558694015724019, 2.081761193457019, 1.1696492137763885, 0.3837459794528551, 0.20682528340077913, 3.8526474859653708, -0.31982485375435238, 1.1885038085930508, -0.6048269319792815, 0.93856347767021087, 0.27722067309808479, -0.77767510549519814, 0.27542587223198212, -0.056954518176341014, -0.74514269776720843, -1.8903713769762482, 0.0046523044009366982, -0.36514712311715763, 0.36973151307973418, -0.61776164573793468, 0.0, 0.97414458145768579, -0.39975372366990092, -2.1015526198398193, 0.0, 0.63057617703169089, 0.65967672029741742, -0.79507099951155913, -2.3593866032821098, -0.60695235677148962, 0.15193266968199376, 0.0045872214809069781, 0.15981843488031156, 0.082150734468762754, 0.98255377472587602, -0.27075390707490149, -0.42542153263324811, 0.0, 0.085154791922352827, -0.0018001623262877292, -0.98701070446801609, 0.50160142927319584, -0.26093508996303594, 0.087836932251088989, 0.20887268568236497, 0.59255238834525692, -2.2867043465056218, -0.94336106097746386, 1.2065531535638365, -1.3626007837242955, -0.75926966676037222, 0.27403319275941013, 0.75864534058829924, 1.2197025229527412, -0.40371216400552129, 0.98138794668524199, 0.70937445199155436, 0.27380617819694603, -0.040833457254818503, -0.28423968051581811, 0.035764003466100619, 3.4600781067077575, 4.9308086377932412, 4.3689125483854498, 1.9344416605032844, -1.4595388764512769, -0.21482656310514714, -1.2064562176195961, -0.60027137122091589, 0.0, 0.0, 0.0, 0.11550725195943375, -0.57578456166320435, -0.73070736682103887, 0.0, 0.0, 0.0037788674353369826, -0.49667856256472365, 0.0, -0.19242310299155177, 0.0]}