{"offset": -0.93815253761238748, "coef": [0.0, 0.27403326926151428, -0.74514245454718819, 0.50160170068512822, 0.27542622044094511, 0.0, 0.15193273090887069, -0.040833225316691556, 0.0, -0.21482633046013536, 0.082150722483860475, 0.9385636913317108, -0.36514712542823735, -0.39975367332152162, 0.0, -0.73070617309924457, -0.40371185869454362, 1.1885037899895636, -0.26093494374635029, -2.3593861894078145, -0.0017998213568836503, 1.2065531260617548, -0.75926965299568572, 0.27722068904278713, -0.77767498538819246, 1.2197031174643296, 0.0, -1.8903710717686011, -0.57578395658466386, 3.4600780912967073, 0.0, 1.9344416211337816, -0.61776165925103765, 0.59255247274699263, 0.75864542491505105, -0.056954365051059649, 0.004587298426530829, 1.169649218507943, -0.42542139356565145, 0.0, 5.1116010905000389, -0.49667796261865732, -0.31982434520828351, 0.98255387082390877, 0.9741447167409375, 0.63057623801541718, -0.7950707704079315, 4.3689124747589059, -2.1015522373360782, 0.65967694775152252, 0.36973154335636388, 0.0, -0.98701061082453123, -2.2867043561968292, 0.0, -0.25586938102239731, 0.035764627705724125, -0.27075381440770802, 0.087837106931541925, 3.852648341282825, 4.9308085199316567, -0.2842392967954821, -0.60482668447250088, 0.0037788726150538945, -3.4748944367406307, 0.15981843810258534, -0.60027059313637965, 0.38374598944460708, 0.20682524789057394, -0.19242312453739258, 0.11550726900014793, 0.27380689060353208, 0.0046524870931689433, -1.2064559039604312, -0.94336103914781833, 2.1869919157921478, 0.2088728929206416, 0.0, -1.3626008667659577, -0.30225340322150063, 2.0817613653258613, 0.085154955310559083, 0.0, -0.60695228754511754, 0.70937502150060905, -1.4595381849810003, 0.98138828722647831]}