{"offset": -1.0155681401394279, "coef": [0.0, -0.55509082747744631, -0.20878767418181768, -0.26591984956789039, 0.41287000098382581, -0.067789201945401514, -0.19216032250577711, 0.11052746713877939, 0.0, 0.0018888380308077935, -0.25438016946702868, 1.0646756895847653, -0.45658416024165671, -0.21930847148177957, 0.0, -0.26697200010358041, -0.46909624914731107, 1.359835180679978, -0.23879890028341708, -1.9506034410249937, -0.48425562307692172, 0.39802966347684676, 0.37532801204446081, -0.3272223442776635, 0.53349428193910053, 1.1067879324188101, 0.20815087802199517, -1.2154087367968558, -0.13148200229708271, 1.7624331907398534, -0.35284244081158167, -0.082810547284641517, -1.3255800471602115, -0.23629324411219441, 0.17732539706531963, 0.051782236058901684, -0.87361113978918614, 1.4697196396297234, -1.0749296737124152, 0.0, 5.0929124870446199, -0.053288665496583003, -0.17060684690642133, 0.71099646024014551, -0.345679181608468, -0.55419423024114978, -0.35705938291821349, 2.7467578821330454, -1.8379496113525777, -0.092628571272141191, 2.035726874928784, 0.0, -0.23360977286646586, -1.3050496334567647, 0.0, -0.025071925564573754, -0.23645340496233505, -0.3115809622695983, -0.35276359481225489, 3.5338441167638779, 3.3839958987791059, -0.86688698608438453, 0.87020636201231572, -0.27896008260289884, -4.6498732688410795, 2.4917711078420237, -0.94752845411114284, 0.94629641677474563, -0.36317715518560761, -0.42534123434477228, 0.0, 0.14202519528187324, -0.70057919766113241, -0.51268314995479747, -1.1027461623233621, 2.0880842134907946, -0.35779662137376372, -0.45446065267698199, -0.86953323182740827, 0.48629579824155184, 2.1212375266270769, 0.35097571135383676, 0.029061030169444235, 0.2455977667713421, 1.4833484310626965, -0.64569372936756164, 0.77488663804388391]}