{"maxima": ["33.0", "18.0", "16.0", "5.0", "0.0", "1.0", "1.0", "1.0", "1.0", "1.0", "24607.0", "34598.0", "4.0", "7.0", "23.0", "1964.0", "14.0", "5.0", "374863.0", "79189.0", "43377.0", "462.0", "90.0", "28.0", "74.0", "1.0", "374127.0", "47136.0", "55701.0", "1.0", "13.0", "486314.0", "82545.0", "83164.0", "39512.0", "7078.0", "5.0", "7.0", "3.0", "91247.0", "8381.0", "6625.0", "0.0", "12.0", "11.0", "346.0", "12.7", "14.8", "13.8", "9.3", "8.6", "11.4", "9.3", "5.8", "1013.5", "2499.4", "1386.0", "495.1", "1857.2", "3369.8", "2377.5", "891.4", "703.3", "907.4", "748.0", "433.5", "560.6", "906.6", "476.3", "326.8", "843.2", "1262.8", "891.6", "589.6", "1.0", "0.0", "0.0", "0.0", "1.0", "1.0", "0.0", "1.0", "1.0", "1.0", "0.0", "1.0", "1.0"], "offset": -1.0155681428826915, "coef": [5.0929124844511113, 2.0880842100025778, -4.6498732687968891, 0.4862957971833487, 0.0, -0.025071928529809134, 2.121237526134045, 1.4697196380001483, 0.94629641709928158, -0.36317715646627308, 3.5338441190012393, -0.17060684847079199, 1.3598351803721678, 0.8702063592738849, 1.0646756877305004, -0.32722234621269947, 0.53349428327171666, 0.41287000033706062, 0.051782236848315503, -0.20878767435498824, -1.2154087377328264, -0.7005792018109579, -0.45658416054524242, 2.0357268693687183, -1.3255800454256148, 0.029061030368048132, -0.3456791834691465, -0.21930847242403889, -1.8379496100388562, 0.20815087943300556, -0.55419422899037019, -0.092628572167224088, -0.35705938369779672, -1.9506034407074089, 0.24559776729144603, -0.19216032400025607, -0.8736111397264591, 2.4917711129848716, -0.25438016880255671, 0.71099645985567994, -0.31158096301260224, -1.0749296746419195, 0.0, 0.35097571092840946, -0.48425562372766684, -0.23360977298917784, -0.26591985161079557, -0.23879889997092138, -0.35276359582888428, -0.35779662162029902, -0.23629324258366985, -1.3050496334582935, -1.1027461571938566, 0.39802966468971607, -0.86953323305910557, 0.37532800990597193, -0.55509082680178345, 0.17732540037991523, 1.1067879302554189, -0.46909624896083352, 0.7748866401616008, 1.483348427495417, 0.14202519359912028, 0.11052746622308268, -0.86688698769489114, -0.23645340791916789, 1.7624331927348131, 3.3839958957233978, 2.7467578814917117, -0.08281054932853843, -0.6456937307771915, 0.0018888370338315632, -0.51268315149938193, -0.94752845650424822, -0.35284244098716588, 0.0, 0.0, 0.0, -0.13148200354597744, -0.26697200213043648, 0.0, -0.45446065384079326, -0.27896008215635615, -0.053288664431162237, 0.0, -0.42534123388428607, -0.067789204789048416]}